DROP TABLE IF EXISTS EMP;
DROP TABLE IF EXISTS T1;
DROP TABLE IF EXISTS T10;
DROP TABLE IF EXISTS T100;
DROP TABLE IF EXISTS DEPT;

CREATE TABLE EMP (
    EMPNO integer NOT NULL,
    ENAME VARCHAR(10),
    JOB VARCHAR(9),
    MGR integer,
    HIREDATE DATE,
    SAL integer,
    COMM integer,
    DEPTNO integer
);
INSERT INTO EMP
VALUES (
        7369,
        'SMITH',
        'CLERK',
        7902,
        '1980-12-17',
        800,
        NULL,
        20
    );
INSERT INTO EMP
VALUES (
        7499,
        'ALLEN',
        'SALESMAN',
        7698,
        '1981-2-20',
        1600,
        300,
        30
    );
INSERT INTO EMP
VALUES (
        7521,
        'WARD',
        'SALESMAN',
        7698,
        '1981-2-22',
        1250,
        500,
        30
    );
INSERT INTO EMP
VALUES (
        7566,
        'JONES',
        'MANAGER',
        7839,
        '1981-4-2',
        2975,
        NULL,
        20
    );
INSERT INTO EMP
VALUES (
        7654,
        'MARTIN',
        'SALESMAN',
        7698,
        '1981-9-28',
        1250,
        1400,
        30
    );
INSERT INTO EMP
VALUES (
        7698,
        'BLAKE',
        'MANAGER',
        7839,
        '1981-5-1',
        2850,
        NULL,
        30
    );
INSERT INTO EMP
VALUES (
        7782,
        'CLARK',
        'MANAGER',
        7839,
        '1981-6-9',
        2450,
        NULL,
        10
    );
INSERT INTO EMP
VALUES (
        7788,
        'SCOTT',
        'ANALYST',
        7566,
        '1982-12-9',
        3000,
        NULL,
        20
    );
INSERT INTO EMP
VALUES (
        7839,
        'KING',
        'PRESIDENT',
        NULL,
        '1981-11-17',
        5000,
        NULL,
        10
    );
INSERT INTO EMP
VALUES (
        7844,
        'TURNER',
        'SALESMAN',
        7698,
        '1981-9-8',
        1500,
        0,
        30
    );
INSERT INTO EMP
VALUES (
        7876,
        'ADAMS',
        'CLERK',
        7788,
        '1983-1-12',
        1100,
        NULL,
        20
    );
INSERT INTO EMP
VALUES (
        7900,
        'JAMES',
        'CLERK',
        7698,
        '1981-12-3',
        950,
        NULL,
        30
    );
INSERT INTO EMP
VALUES (
        7902,
        'FORD',
        'ANALYST',
        7566,
        '1981-12-3',
        3000,
        NULL,
        20
    );
INSERT INTO EMP
VALUES (
        7934,
        'MILLER',
        'CLERK',
        7782,
        '1982-1-23',
        1300,
        NULL,
        10
    );
CREATE TABLE DEPT (
    DEPTNO integer,
    DNAME VARCHAR(14),
    LOC VARCHAR(13)
);
INSERT INTO DEPT
VALUES (10, 'ACCOUNTING', 'NEW YORK');
INSERT INTO DEPT
VALUES (20, 'RESEARCH', 'DALLAS');
INSERT INTO DEPT
VALUES (30, 'SALES', 'CHICAGO');
INSERT INTO DEPT
VALUES (40, 'OPERATIONS', 'BOSTON');
CREATE TABLE T1 (ID INTEGER);
INSERT INTO T1
VALUES (1);
CREATE TABLE T10 (ID INTEGER);
INSERT INTO T10
VALUES (1);
INSERT INTO T10
VALUES (2);
INSERT INTO T10
VALUES (3);
INSERT INTO T10
VALUES (4);
INSERT INTO T10
VALUES (5);
INSERT INTO T10
VALUES (6);
INSERT INTO T10
VALUES (7);
INSERT INTO T10
VALUES (8);
INSERT INTO T10
VALUES (9);
INSERT INTO T10
VALUES (10);
CREATE TABLE T100 (ID INTEGER);
INSERT INTO T100
VALUES (1);
INSERT INTO T100
VALUES (2);
INSERT INTO T100
VALUES (3);
INSERT INTO T100
VALUES (4);
INSERT INTO T100
VALUES (5);
INSERT INTO T100
VALUES (6);
INSERT INTO T100
VALUES (7);
INSERT INTO T100
VALUES (8);
INSERT INTO T100
VALUES (9);
INSERT INTO T100
VALUES (10);
INSERT INTO T100
VALUES (11);
INSERT INTO T100
VALUES (12);
INSERT INTO T100
VALUES (13);
INSERT INTO T100
VALUES (14);
INSERT INTO T100
VALUES (15);
INSERT INTO T100
VALUES (16);
INSERT INTO T100
VALUES (17);
INSERT INTO T100
VALUES (18);
INSERT INTO T100
VALUES (19);
INSERT INTO T100
VALUES (20);
INSERT INTO T100
VALUES (21);
INSERT INTO T100
VALUES (22);
INSERT INTO T100
VALUES (23);
INSERT INTO T100
VALUES (24);
INSERT INTO T100
VALUES (25);
INSERT INTO T100
VALUES (26);
INSERT INTO T100
VALUES (27);
INSERT INTO T100
VALUES (28);
INSERT INTO T100
VALUES (29);
INSERT INTO T100
VALUES (30);
INSERT INTO T100
VALUES (31);
INSERT INTO T100
VALUES (32);
INSERT INTO T100
VALUES (33);
INSERT INTO T100
VALUES (34);
INSERT INTO T100
VALUES (35);
INSERT INTO T100
VALUES (36);
INSERT INTO T100
VALUES (37);
INSERT INTO T100
VALUES (38);
INSERT INTO T100
VALUES (39);
INSERT INTO T100
VALUES (40);
INSERT INTO T100
VALUES (41);
INSERT INTO T100
VALUES (42);
INSERT INTO T100
VALUES (43);
INSERT INTO T100
VALUES (44);
INSERT INTO T100
VALUES (45);
INSERT INTO T100
VALUES (46);
INSERT INTO T100
VALUES (47);
INSERT INTO T100
VALUES (48);
INSERT INTO T100
VALUES (49);
INSERT INTO T100
VALUES (50);
INSERT INTO T100
VALUES (51);
INSERT INTO T100
VALUES (52);
INSERT INTO T100
VALUES (53);
INSERT INTO T100
VALUES (54);
INSERT INTO T100
VALUES (55);
INSERT INTO T100
VALUES (56);
INSERT INTO T100
VALUES (57);
INSERT INTO T100
VALUES (58);
INSERT INTO T100
VALUES (59);
INSERT INTO T100
VALUES (60);
INSERT INTO T100
VALUES (61);
INSERT INTO T100
VALUES (62);
INSERT INTO T100
VALUES (63);
INSERT INTO T100
VALUES (64);
INSERT INTO T100
VALUES (65);
INSERT INTO T100
VALUES (66);
INSERT INTO T100
VALUES (67);
INSERT INTO T100
VALUES (68);
INSERT INTO T100
VALUES (69);
INSERT INTO T100
VALUES (70);
INSERT INTO T100
VALUES (71);
INSERT INTO T100
VALUES (72);
INSERT INTO T100
VALUES (73);
INSERT INTO T100
VALUES (74);
INSERT INTO T100
VALUES (75);
INSERT INTO T100
VALUES (76);
INSERT INTO T100
VALUES (77);
INSERT INTO T100
VALUES (78);
INSERT INTO T100
VALUES (79);
INSERT INTO T100
VALUES (80);
INSERT INTO T100
VALUES (81);
INSERT INTO T100
VALUES (82);
INSERT INTO T100
VALUES (83);
INSERT INTO T100
VALUES (84);
INSERT INTO T100
VALUES (85);
INSERT INTO T100
VALUES (86);
INSERT INTO T100
VALUES (87);
INSERT INTO T100
VALUES (88);
INSERT INTO T100
VALUES (89);
INSERT INTO T100
VALUES (90);
INSERT INTO T100
VALUES (91);
INSERT INTO T100
VALUES (92);
INSERT INTO T100
VALUES (93);
INSERT INTO T100
VALUES (94);
INSERT INTO T100
VALUES (95);
INSERT INTO T100
VALUES (96);
INSERT INTO T100
VALUES (97);
INSERT INTO T100
VALUES (98);
INSERT INTO T100
VALUES (99);
INSERT INTO T100
VALUES (100);

DROP TABLE IF EXISTS T500;

CREATE TABLE T500 (ID INTEGER);
INSERT INTO T500 VALUES
(1),(2),(3),(4),(5),(6),(7),(8),(9),(10),
(11),(12),(13),(14),(15),(16),(17),(18),(19),(20),
(21),(22),(23),(24),(25),(26),(27),(28),(29),(30),
(31),(32),(33),(34),(35),(36),(37),(38),(39),(40),
(41),(42),(43),(44),(45),(46),(47),(48),(49),(50),
(51),(52),(53),(54),(55),(56),(57),(58),(59),(60),
(61),(62),(63),(64),(65),(66),(67),(68),(69),(70),
(71),(72),(73),(74),(75),(76),(77),(78),(79),(80),
(81),(82),(83),(84),(85),(86),(87),(88),(89),(90),
(91),(92),(93),(94),(95),(96),(97),(98),(99),(100),
(101),(102),(103),(104),(105),(106),(107),(108),(109),(110),
(111),(112),(113),(114),(115),(116),(117),(118),(119),(120),
(121),(122),(123),(124),(125),(126),(127),(128),(129),(130),
(131),(132),(133),(134),(135),(136),(137),(138),(139),(140),
(141),(142),(143),(144),(145),(146),(147),(148),(149),(150),
(151),(152),(153),(154),(155),(156),(157),(158),(159),(160),
(161),(162),(163),(164),(165),(166),(167),(168),(169),(170),
(171),(172),(173),(174),(175),(176),(177),(178),(179),(180),
(181),(182),(183),(184),(185),(186),(187),(188),(189),(190),
(191),(192),(193),(194),(195),(196),(197),(198),(199),(200),
(201),(202),(203),(204),(205),(206),(207),(208),(209),(210),
(211),(212),(213),(214),(215),(216),(217),(218),(219),(220),
(221),(222),(223),(224),(225),(226),(227),(228),(229),(230),
(231),(232),(233),(234),(235),(236),(237),(238),(239),(240),
(241),(242),(243),(244),(245),(246),(247),(248),(249),(250),
(251),(252),(253),(254),(255),(256),(257),(258),(259),(260),
(261),(262),(263),(264),(265),(266),(267),(268),(269),(270),
(271),(272),(273),(274),(275),(276),(277),(278),(279),(280),
(281),(282),(283),(284),(285),(286),(287),(288),(289),(290),
(291),(292),(293),(294),(295),(296),(297),(298),(299),(300),
(301),(302),(303),(304),(305),(306),(307),(308),(309),(310),
(311),(312),(313),(314),(315),(316),(317),(318),(319),(320),
(321),(322),(323),(324),(325),(326),(327),(328),(329),(330),
(331),(332),(333),(334),(335),(336),(337),(338),(339),(340),
(341),(342),(343),(344),(345),(346),(347),(348),(349),(350),
(351),(352),(353),(354),(355),(356),(357),(358),(359),(360),
(361),(362),(363),(364),(365),(366),(367),(368),(369),(370),
(371),(372),(373),(374),(375),(376),(377),(378),(379),(380),
(381),(382),(383),(384),(385),(386),(387),(388),(389),(390),
(391),(392),(393),(394),(395),(396),(397),(398),(399),(400),
(401),(402),(403),(404),(405),(406),(407),(408),(409),(410),
(411),(412),(413),(414),(415),(416),(417),(418),(419),(420),
(421),(422),(423),(424),(425),(426),(427),(428),(429),(430),
(431),(432),(433),(434),(435),(436),(437),(438),(439),(440),
(441),(442),(443),(444),(445),(446),(447),(448),(449),(450),
(451),(452),(453),(454),(455),(456),(457),(458),(459),(460),
(461),(462),(463),(464),(465),(466),(467),(468),(469),(470),
(471),(472),(473),(474),(475),(476),(477),(478),(479),(480),
(481),(482),(483),(484),(485),(486),(487),(488),(489),(490),
(491),(492),(493),(494),(495),(496),(497),(498),(499),(500);
